<?xml version="1.0" encoding="UTF-8" standalone="yes"?>
<rssfeeds>
  <!--RSS feeds. To have multiple feeds, just add a feed to the set. You can also have multiple sets.-->
  <!--To use different sets in your skin, each must be called from skin with a unique id.-->
  <set id="1" rtl="true">
    <feed updateinterval="5">http://www.radiosabrafm.net/feed/</feed>
    <feed updateinterval="5">http://www.radiotataouine.tn/feed</feed>
    <feed updateinterval="5">http://www.alikhbariaattounisia.com/flux_rss.xml</feed>
    <feed updateinterval="5">https://www.tunisia-sat.com/forums/news/index.rss</feed>
    
  </set>
</rssfeeds>
